Country,Continent
Ã…land Islands,Europe
Albania,Europe
Andorra,Europe
Austria,Europe
Belarus,Europe
Belgium,Europe
Bosnia And Herzegovina,Europe
Bulgaria,Europe
Croatia,Europe
Czech Republic,Europe
Denmark,Europe
Estonia,Europe
Faroe Islands,Europe
Finland,Europe
France,Europe
Germany,Europe
Gibraltar,Europe
Greece,Europe
Guernsey,Europe
Holy See,Europe
Hungary,Europe
Iceland,Europe
Ireland,Europe
Isle of Man,Europe
Italy,Europe
Jersey,Europe
Latvia,Europe
Liechtenstein,Europe
Lithuania,Europe
Luxembourg,Europe
Malta,Europe
Moldova,Europe
Monaco,Europe
Montenegro,Europe
Netherlands,Europe
Macedonia,Europe
Norway,Europe
Poland,Europe
Portugal,Europe
Romania,Europe
Russia,Europe
San Marino,Europe
Serbia,Europe
Slovakia,Europe
Slovenia,Europe
Spain,Europe
Svalbard and Jan Mayen,Europe
Sweden,Europe
Switzerland,Europe
Ukraine,Europe
United Kingdom,Europe
